nombre,area,condado,sector,naics2,forma_legal,estado_web,redes_sociales,evidencia,fuente_url
Jonel Knitting Mills Inc,Hialeah,Miami-Dade,Manufactura textil (tejidos de punto),31,Inc,Sin web detectada,Ninguna encontrada,"Manta: fundada 1987, ~25 empleados; sin web ni Facebook",https://www.manta.com/c/mmn1h0x/jonel-knitting-mills-inc
Steel Works Rebar Fabricators LLC,Medley,Miami-Dade,Fabricación de acero/varilla,33,LLC,Sin web detectada,Facebook,"Est. 2007, 10-19 empleados; solo directorios y Facebook",https://www.manta.com/c/mmcwr0p/steel-works-rebar-fabricators-llc
All Welding and Machine Shop Inc,Medley,Miami-Dade,Soldadura/taller industrial,33,Inc,Sin web detectada,Ninguna encontrada,"Solo YellowPages, Superpages, Manta, Waze",https://www.yellowpages.com/medley-fl/mip/all-welding-and-machine-shop-inc-474064250
Hialeah Plumbing Supply Company,Hialeah,Miami-Dade,Distribución suministros de plomería,42,Corp (Sunbiz: Florida Profit Corp),Sin web detectada,Ninguna encontrada,"Sunbiz: registrada 05/17/1989, Active",https://search.sunbiz.org/Inquiry/CorporationSearch/ByName
Florida Paving & Trucking Inc,Homestead,Miami-Dade,Pavimentación/movimiento de tierra,23,Inc,Sin web detectada,Nextdoor,"Est. 1992; solo BBB, D&B, Manta, Yelp, Procore",https://www.bbb.org/us/fl/homestead/profile/paving-contractors/florida-paving-trucking-inc-0633-5003759
Marante Forwarding Co Inc,Hialeah,Miami-Dade,Logística - freight forwarding,48,Inc (posible inactiva),Sin web detectada,Ninguna encontrada,"Est. 1970; licencia OTI revocada 2003: verificar Sunbiz",https://www.manta.com/c/mm2vydb/marante-forwarding-co-inc
Truck Brokerage by National Inc,Medley,Miami-Dade,Transporte de carga (roca/arena),48,Inc,Web posiblemente desactualizada,Ninguna encontrada,"Est. 1986, 55 camiones (FMCSA); web http sin HTTPS, páginas .html estáticas",http://www.truckbrokeragebynational.com/
Construct Group Corp,Hialeah Gardens,Miami-Dade,Contratista civil (FDOT),23,Corp,Web posiblemente desactualizada,Yelp,"Est. 2001, ~100 empleados, 625 proyectos; título web 'HOME | My Site' (plantilla sin personalizar)",https://www.constructgroupcorp.com/
Professional Plumbing Corp,Hialeah,Miami-Dade,Contratista de plomería comercial,23,Corp,Web posiblemente desactualizada,Facebook,"Desde 1973 (W Hotel, Fontainebleau); dos dominios, uno en http",https://www.buildzoom.com/contractor/professional-plumbing-corp
AA Florida Pallets Inc,Medley,Miami-Dade,Fabricación/reciclaje de paletas,32,Inc,Web posiblemente desactualizada,Ninguna encontrada,"Título web con errata 'Welcom to AA Florida Pallets'",https://www.manta.com/c/mhx9tn8/aa-florida-pallets-inc
High Quality Trucking Inc,Medley,Miami-Dade,Transporte de carga/contenedores,48,Inc,Web posiblemente desactualizada,Ninguna encontrada,"Est. 2006, 66 camiones; dominio no coincide con la marca",https://www.carriersource.io/carriers/high-quality-trucking-inc
Hialeah Bakery and Foods Inc,Hialeah,Miami-Dade,Panadería,31,Inc,Tiene web,Facebook,"Est. 1996, 24h; contacto con Gmail (señal de baja madurez digital)",https://www.facebook.com/hialeahbakery/
Los Tres Conejitos Bakery,Hialeah,Miami-Dade,Panadería,31,No verificado,No verificado,Yelp,"Est. 2001, familiar; solo Yelp",https://www.yelp.com/biz/los-tres-conejitos-bakery-hialeah
Tango Body Shop,Hialeah,Miami-Dade,Automotriz - carrocería,81,No verificado,No verificado,Yelp,"20+ años; solo Yelp",https://www.yelp.com/biz/tango-body-shop-hialeah
Pro Collision Center LLC,Hialeah,Miami-Dade,Automotriz - carrocería,81,LLC,Presencia desordenada,Yelp; BBB,"Desde 2008, I-Car Gold; dos dominios distintos",https://www.bbb.org/us/fl/hialeah/profile/auto-body-repair-and-painting/procollision-center-llc-0633-90024812
Sari Express Forwarders Inc,Hialeah,Miami-Dade,Logística - freight forwarding,48,Inc,No verificado,Ninguna encontrada,Solo Manta,https://www.manta.com/c/mm43fmb/sari-express-forwarders-inc
Global Cargo Connection Inc,Hialeah,Miami-Dade,Logística - consolidación de carga,48,Inc,No verificado,Ninguna encontrada,Categoría Freight Forwarding Manta Hialeah,https://www.manta.com/mb_55_B52DB05K_33S/freight_forwarding/hialeah_fl
Marante Distributors Corp,Hialeah,Miami-Dade,Distribución mayorista,42,Corp,No verificado,Ninguna encontrada,Solo Yahoo Local,https://local.yahoo.com/info-211983306-marante-distributors-corp-hialeah/
Medina & Son Plumbing Supply Inc,Hialeah,Miami-Dade,Distribución suministros de plomería,42,Inc,Tiene web,Facebook; Yelp,"Desde 1987, 84+ reseñas",https://www.yelp.com/biz/medina-and-son-plumbing-supply-hialeah
Manny's Plumbing Service,Hialeah,Miami-Dade,Plomería,23,No verificado,No verificado,Ninguna encontrada,"Manta: est. 1993",https://www.manta.com/c/mmf1sbc/manny-s-plumbing-service
All Star Aluminum Windows & Doors Inc,Hialeah,Miami-Dade,Ventanas/puertas de aluminio,33,Inc,Tiene web,Facebook; Yelp; Nextdoor,Fundada 2003,https://www.bbb.org/us/fl/hialeah/profile/impact-windows/all-star-aluminum-windows-doors-inc-0633-90034252
Panther & Co Inc,Medley,Miami-Dade,Transporte y almacenaje,48,Inc,Tiene web,Facebook; Instagram,"Est. 1989, ~17 empleados, ~$2.7M",https://www.manta.com/c/mtqlxt4/panther-co-inc
Medley Steel and Supply Inc,Medley,Miami-Dade,Distribución de acero,42,Inc,Tiene web,LinkedIn,"Desde 1978, exporta Caribe/LatAm",https://www.yellowpages.com/medley-fl/medley-steel-and-supply-inc
Amigo Pallets Inc,Medley,Miami-Dade,Fabricación/reciclaje de paletas,32,Inc,Tiene web,Facebook; Instagram,"Est. 2010; IG 172 seguidores",https://www.facebook.com/amigopallets/
Medley Machine Shop Inc,Medley,Miami-Dade,Taller mecánico industrial,33,Inc,Tiene web,Ninguna encontrada,"Fundada 1994; dominio sin confirmar",https://www.dnb.com/business-directory/company-profiles.medley_machine_shop_inc.b0232bd608d5d99948dd3a3504105627.html
Pablo's Machine Shop & Welding Corp,Medley,Miami-Dade,Maquinado/soldadura industrial,81,Corp,Presencia desordenada,Yelp,"Incorporada 2012; dos dominios distintos",https://www.yelp.com/biz/pablos-machine-shop-and-welding-corp-medley
Gondia Machine Shop,Medley,Miami-Dade,Taller mecánico industrial,33,No verificado,No verificado,Ninguna encontrada,Solo Manta,https://www.manta.com/c/mm4dqwp/gondia-machine-shop
Super Diesel Truck Repair Inc,Medley,Miami-Dade,Reparación camiones diésel,81,Inc,Tiene web,Yelp; Birdeye,3.5 estrellas / 13 reseñas,https://www.manta.com/c/mhcrbf8/super-diesel-truck-repair-inc
LaRosa Diesel Mechanical,Medley,Miami-Dade,Reparación camiones diésel,81,No verificado,No verificado,Yelp,Solo Yelp,https://www.yelp.com/biz/larosa-diesel-mechanical-medley
CYMA Truck Repair,Medley,Miami-Dade,Reparación camiones diésel,81,No verificado,No verificado,Yelp,Solo Yelp,https://www.yelp.com/biz/cyma-truck-repair-medley
International Cruise Food & Hotel Suppliers Inc,Medley,Miami-Dade,Distribución alimentaria a cruceros,42,Inc,Tiene web,Nextdoor; Indeed,"Inc. 1998, almacén 200,000 ft²",https://www.manta.com/c/mm21vw1/international-cruise-food-hotel-suppliers-inc
Allsteel & Gypsum Products Inc,Medley,Miami-Dade,Distribución materiales de construcción,42,Inc,Web posiblemente desactualizada,Ninguna encontrada,"URL /index.html: sitio estático antiguo (no confirmado)",https://www.allsteelproducts.com/index.html
Structural Prestressed Industries Inc,Medley,Miami-Dade,Prefabricados de concreto,32,Inc,No verificado,Ninguna encontrada,"Est. 1996, gran prefabricadora",https://buildingrenewable.com/12-best-precast-concrete-construction-companies-in-florida/
Doral Freight Logistics Inc,Doral,Miami-Dade,Logística - transporte,48,Inc,Tiene web,Ninguna encontrada,"Est. 1999, ~50 empleados, ~$9.4M",https://www.manta.com/c/mm33hkb/doral-freight-logistics-inc
Senaduana Freight Forwarders Inc,Doral,Miami-Dade,Logística - freight forwarding,48,Inc,Tiene web,Facebook; LinkedIn; Yelp,Est. 2004,https://www.manta.com/c/mmgmgjl/senaduana-freight-forwarders-inc
Conavenca Freight Forwarder LLC,Doral,Miami-Dade,Logística - freight forwarding,48,LLC,No verificado,Ninguna encontrada,Solo Manta,https://www.manta.com/c/mhks6tw/conavenca-freight-forwarder-llc
TMC Import & Export Co,Doral,Miami-Dade,Import/export (embalaje y equipos),42,LLC (según YP),Tiene web,Ninguna encontrada,"Est. 1981, ~11 empleados, ~$2.4M",https://www.manta.com/c/mbg66v7/tmc-import-export-co
Barahona's Food Distributor LLC,Doral,Miami-Dade,Distribución de alimentos,42,LLC,No verificado,Ninguna encontrada,Solo Bizapedia,https://www.bizapedia.com/fl/barahonas-food-distributor-llc.html
Loman Distributors Inc,Doral,Miami-Dade,Distribución mayorista,42,Inc,No verificado,Ninguna encontrada,Solo Bizapedia,https://www.bizapedia.com/fl/loman-distributors-inc.html
K & K Dental Associates,Doral,Miami-Dade,Clínica dental,62,No verificado,No verificado,Facebook,Solo Facebook,https://www.facebook.com/kkdentaldoral/
Doral Family Dental,Doral,Miami-Dade,Clínica dental,62,No verificado,No verificado,Facebook,Solo Facebook,https://www.facebook.com/doralfamilydentalfl/
Brothers Produce Inc,Allapattah (Miami),Miami-Dade,Mayorista frutas y verduras,42,Inc,Tiene web,Yelp; BBB,"Fundada 1990; sin Facebook propio",https://www.bbb.org/us/fl/miami/profile/organic-food/brothers-produce-inc-0633-90067698
4 U Unlimited,Allapattah (Miami),Miami-Dade,Distribución mayorista,42,No verificado,No verificado,Yelp,Solo Yelp,https://www.yelp.com/biz/4-u-unlimited-miami
Excellent Fruit & Produce Inc,Allapattah (Miami),Miami-Dade,Mayorista frutas y verduras,42,Inc,Tiene web,Ninguna encontrada,Almacén refrigerado y flota propia,https://excellentfruitandproduce.com/about-us/
Martinez Distributors Inc,Allapattah (Miami),Miami-Dade,Mayorista carnes y mariscos,42,Inc,Tiene web,Facebook; Yelp,"Desde 1997, 3 tiendas, planta USDA",https://www.yelp.com/biz/martinez-distributors-miami-2
El Rey de las Fritas,Little Havana (Miami),Miami-Dade,Restaurante,72,No verificado,Tiene web,Facebook,Cadena local desde 1982,https://www.facebook.com/reydelasfritas/
El Exquisito Restaurant,Little Havana (Miami),Miami-Dade,Restaurante,72,No verificado,No verificado,Ninguna encontrada,Familia Coro desde 1974 en Calle Ocho,https://www.neighborhoods.com/blog/cuban-restaurants-in-little-havana-you-cant-miss
Kendale Air Conditioning Inc,Kendall,Miami-Dade,HVAC,23,Inc,Tiene web,Facebook; LinkedIn; Yelp,Desde 1988; BBB 2014,https://www.bbb.org/us/fl/miami/profile/heating-and-air-conditioning/kendale-air-conditioning-0633-23009691
Kendall South Medical Center Inc,Kendall,Miami-Dade,Clínica médica,62,Inc,No verificado,Ninguna encontrada,Solo directorio WebMD,https://doctor.webmd.com/practice/kendall-south-medical-center-inc-422a0a48-1a37-46b1-973c-95ba062d11e3
Kendall Medical Center Inc,Kendall,Miami-Dade,Clínica médica,62,Inc,No verificado,Ninguna encontrada,Solo directorio WebMD,https://doctor.webmd.com/practice/kendall-medical-center-inc-773643c8-4703-e211-a42b-001f29e3eb44-physicians/alpha/all
Krome Auto and Tire Inc,Homestead,Miami-Dade,Automotriz - taller/llantas,81,Inc,Tiene web,BBB; Yelp; Birdeye,Fundada 1992; 38 reseñas,https://www.bbb.org/us/fl/homestead/profile/auto-repair/krome-auto-tire-svc-0633-90269976
R Plants Inc,Homestead,Miami-Dade,Vivero mayorista,11,Inc,Tiene web,Facebook; Instagram,"Est. 1997, 180+ acres",https://www.facebook.com/rplantsinc/
Liner Growers Nursery,Homestead,Miami-Dade,Vivero mayorista,11,No verificado,No verificado,Ninguna encontrada,Solo Manta; 10+ años,https://www.manta.com/c/mvvd9cj/liner-growers-nursery
Manuel Diaz Farms Inc,Homestead,Miami-Dade,Vivero mayorista,11,Inc,No verificado,Ninguna encontrada,Categoría Wholesale Nurseries Manta,https://www.manta.com/mb_55_B80C105M_345/nursery_stock/homestead_fl
Quality Growers Inc,Homestead,Miami-Dade,Vivero mayorista,11,Inc,No verificado,Ninguna encontrada,Categoría Wholesale Nurseries Manta,https://www.manta.com/mb_55_B80C105M_345/nursery_stock/homestead_fl
Medallion Nurseries,Homestead,Miami-Dade,Vivero mayorista,11,No verificado,No verificado,Ninguna encontrada,Categoría Wholesale Nurseries Manta,https://www.manta.com/mb_55_B80C105M_345/nursery_stock/homestead_fl
Sam S. Accursio & Sons Farms,Homestead,Miami-Dade,Agricultura/empacadora,11,No verificado,No verificado,Ninguna encontrada,"Desde 1948, empacadora propia",https://ediblesouthflorida.ediblecommunities.com/eat/fresh-demand-local-produce-longtime-homestead-farm/
Sudsies Dry Cleaners,Miami Beach,Miami-Dade,Tintorería,81,No verificado,No verificado,Yelp,"Est. 1996; 244 reseñas Yelp",https://www.yelp.com/biz/sudsies-dry-cleaners-miami-beach
